HEP_Code,Provider_Name,Year,Doctorate_Completions,Masters_Completions,Total_HDR_Completions,Suppression_Present
1019,James Cook University,2023,99,20,119,No
1034,Murdoch University,2023,92,43,135,No
1055,The University of Western Australia,2023,335,38,373,No
1058,University of Wollongong,2023,218,24,242,No
2154,Federation University Australia,2023,38,6,44,No
2177,Swinburne University of Technology,2023,226,24,250,No
2200,Central Queensland University,2023,31,21,52,No
2201,University of Southern Queensland,2023,102,34,136,No
2235,Edith Cowan University,2023,106,34,140,No
2236,Curtin University,2023,259,38,297,No
2241,University of Canberra,2023,77,7,84,No
2246,Batchelor Institute of Indigenous Tertiary Education,2023,<5,0,,Yes
2252,Avondale University,2023,<5,0,,Yes
3001,Charles Darwin University,2023,44,6,50,No
3003,Bond University,2023,19,<5,,Yes
3004,Western Sydney University,2023,193,84,277,No
3005,Charles Sturt University,2023,58,5,63,No
3006,Australian Catholic University,2023,39,<5,,Yes
3007,Victoria University,2023,61,24,85,No
3010,The University of Adelaide,2023,326,60,386,No
3013,University of New South Wales,2023,717,84,801,No
3014,University of Newcastle,2023,229,8,237,No
3016,University of Technology Sydney,2023,341,23,364,No
3019,The University of Queensland,2023,741,56,797,No
3020,La Trobe University,2023,184,58,242,No
3025,Macquarie University,2023,268,247,515,No
3027,University of South Australia,2023,137,36,173,No
3029,Flinders University,2023,135,8,143,No
3030,Deakin University,2023,313,18,331,No
3032,Griffith University,2023,294,51,345,No
3033,The Australian National University,2023,377,26,403,No
3034,Royal Melbourne Institute of Technology,2023,400,35,435,No
3035,Monash University,2023,968,55,1023,No
3036,The University of Melbourne,2023,764,96,860,No
3038,Southern Cross University,2023,42,11,53,No
3039,University of New England,2023,75,15,90,No
3040,The University of Sydney,2023,780,163,943,No
3042,Queensland University of Technology,2023,285,95,380,No
3043,University of the Sunshine Coast,2023,63,8,71,No
3044,The University of Notre Dame Australia,2023,17,16,33,No
3045,University of Tasmania,2023,233,10,243,No
4331,University of Divinity,2023,7,0,7,No
4449,Torrens University Australia,2023,<5,<5,,Yes
1019,James Cook University,2024,93,16,109,No
1034,Murdoch University,2024,101,45,146,No
1055,The University of Western Australia,2024,293,40,333,No
1058,University of Wollongong,2024,226,26,252,No
2154,Federation University Australia,2024,45,6,51,No
2177,Swinburne University of Technology,2024,240,36,276,No
2200,Central Queensland University,2024,50,22,72,No
2201,University of Southern Queensland,2024,114,17,131,No
2235,Edith Cowan University,2024,107,32,139,No
2236,Curtin University,2024,250,50,300,No
2241,University of Canberra,2024,60,<5,,Yes
2246,Batchelor Institute of Indigenous Tertiary Education,2024,<5,<5,,Yes
2252,Avondale University,2024,6,<5,,Yes
3001,Charles Darwin University,2024,51,<5,,Yes
3003,Bond University,2024,38,6,44,No
3004,Western Sydney University,2024,176,67,243,No
3005,Charles Sturt University,2024,62,<5,,Yes
3006,Australian Catholic University,2024,40,<5,,Yes
3007,Victoria University,2024,75,11,86,No
3010,The University of Adelaide,2024,273,72,345,No
3013,University of New South Wales,2024,649,120,769,No
3014,University of Newcastle,2024,220,11,231,No
3016,University of Technology Sydney,2024,339,38,377,No
3019,The University of Queensland,2024,710,56,766,No
3020,La Trobe University,2024,172,58,230,No
3025,Macquarie University,2024,237,243,480,No
3027,University of South Australia,2024,134,30,164,No
3029,Flinders University,2024,157,9,166,No
3030,Deakin University,2024,348,22,370,No
3032,Griffith University,2024,249,44,293,No
3033,The Australian National University,2024,396,38,434,No
3034,Royal Melbourne Institute of Technology,2024,377,46,423,No
3035,Monash University,2024,845,49,894,No
3036,The University of Melbourne,2024,794,81,875,No
3038,Southern Cross University,2024,39,11,50,No
3039,University of New England,2024,72,11,83,No
3040,The University of Sydney,2024,698,152,850,No
3042,Queensland University of Technology,2024,306,99,405,No
3043,University of the Sunshine Coast,2024,56,6,62,No
3044,The University of Notre Dame Australia,2024,26,24,50,No
3045,University of Tasmania,2024,228,13,241,No
4331,University of Divinity,2024,12,<5,,Yes
4449,Torrens University Australia,2024,8,10,18,No
