HEP_Code,Provider_Name,Year,State,Cohort,RSP,RTP,Total_RBG,Sector_Total_RBG,Provider_Share,Annual_Rank,Top_Five_Share,Endpoint_Comparable,Share_Movement_PP
3036,The University of Melbourne,2017,VIC,Go8,95494543,95762452,191256995,1890820960,10.1150240581,1,47.3408252783,Yes,0.2562482592
3040,The University of Sydney,2017,NSW,Go8,87161024,97465365,184626389,1890820960,9.7643506660,2,47.3408252783,Yes,-0.7955497030
3019,The University of Queensland,2017,QLD,Go8,89973213,94632784,184605997,1890820960,9.7632721926,3,47.3408252783,Yes,-1.1335075201
3013,University of New South Wales,2017,NSW,Go8,78445698,90616087,169061785,1890820960,8.9411842039,4,47.3408252783,Yes,0.3987451756
3035,Monash University,2017,VIC,Go8,81367573,84211508,165579081,1890820960,8.7569941577,5,47.3408252783,Yes,1.8698326241
3033,The Australian National University,2017,ACT,Go8,59658169,55887941,115546110,1890820960,6.1108964013,6,47.3408252783,Yes,-0.3399290856
1055,The University of Western Australia,2017,WA,Go8,47100394,47829133,94929527,1890820960,5.0205455201,7,47.3408252783,Yes,-1.0634623509
3010,The University of Adelaide,2017,SA,Go8,42626115,46569225,89195340,1890820960,4.7172811116,8,47.3408252783,No,
3042,Queensland University of Technology,2017,QLD,non-aligned,21898265,30847741,52746006,1890820960,2.7895822564,9,47.3408252783,Yes,-0.3531435434
3045,University of Tasmania,2017,TAS,non-aligned,22219593,24257491,46477084,1890820960,2.4580372750,10,47.3408252783,Yes,-0.1747230320
3014,University of Newcastle,2017,NSW,ATN,21052892,23386843,44439735,1890820960,2.3502878348,11,47.3408252783,Yes,-0.1668873791
2236,Curtin University,2017,WA,ATN,18780200,25318208,44098408,1890820960,2.3322360463,12,47.3408252783,Yes,0.0457420034
3025,Macquarie University,2017,NSW,non-aligned,15386742,26183178,41569920,1890820960,2.1985116983,13,47.3408252783,Yes,0.2655557649
3032,Griffith University,2017,QLD,IRU,16515053,22303418,38818471,1890820960,2.0529955940,14,47.3408252783,Yes,0.1208753205
1058,University of Wollongong,2017,NSW,non-aligned,14117432,22680303,36797735,1890820960,1.9461247669,15,47.3408252783,Yes,-0.3269777291
3027,University of South Australia,2017,SA,ATN,15847940,19846932,35694872,1890820960,1.8877975628,16,47.3408252783,No,
3034,Royal Melbourne Institute of Technology,2017,VIC,ATN,13390851,21285641,34676492,1890820960,1.8339384179,17,47.3408252783,Yes,0.3337972745
3020,La Trobe University,2017,VIC,IRU,13556996,18188206,31745202,1890820960,1.6789110482,18,47.3408252783,Yes,-0.0253887687
3030,Deakin University,2017,VIC,ATN,11291176,19018960,30310136,1890820960,1.6030145974,19,47.3408252783,Yes,1.0711481117
3016,University of Technology Sydney,2017,NSW,ATN,11657496,16689029,28346525,1890820960,1.4991649447,20,47.3408252783,Yes,0.6248804512
3029,Flinders University,2017,SA,IRU,12403898,15603441,28007339,1890820960,1.4812263875,21,47.3408252783,Yes,0.4438323352
1019,James Cook University,2017,QLD,IRU,12882181,14167548,27049729,1890820960,1.4305811905,22,47.3408252783,Yes,-0.4688741043
2177,Swinburne University of Technology,2017,VIC,non-aligned,6807882,11637087,18444969,1890820960,0.9755005572,23,47.3408252783,Yes,0.1301543648
1034,Murdoch University,2017,WA,IRU,8248390,10039304,18287694,1890820960,0.9671827416,24,47.3408252783,Yes,-0.0960906728
3004,Western Sydney University,2017,NSW,IRU,7625168,10633202,18258370,1890820960,0.9656318809,25,47.3408252783,Yes,0.2159931181
3039,University of New England,2017,NSW,RUN,7425039,8913576,16338615,1890820960,0.8641016440,26,47.3408252783,Yes,-0.0571367462
3001,Charles Darwin University,2017,NT,non-aligned,9228297,6968693,16196990,1890820960,0.8566115112,27,47.3408252783,Yes,0.0829956292
3007,Victoria University,2017,VIC,non-aligned,4393997,7310502,11704499,1890820960,0.6190167788,28,47.3408252783,Yes,-0.2707665595
2235,Edith Cowan University,2017,WA,non-aligned,4332769,7304450,11637219,1890820960,0.6154585361,29,47.3408252783,Yes,-0.0311712704
3005,Charles Sturt University,2017,NSW,RUN,3723693,6168180,9891873,1890820960,0.5231522820,30,47.3408252783,Yes,-0.0733405608
2241,University of Canberra,2017,ACT,IRU,4147175,5145247,9292422,1890820960,0.4914490688,31,47.3408252783,Yes,-0.0523926338
2201,University of Southern Queensland,2017,QLD,RUN,3068354,5244951,8313305,1890820960,0.4396664293,32,47.3408252783,Yes,0.2588511686
3038,Southern Cross University,2017,NSW,RUN,3271909,4416941,7688850,1890820960,0.4066408276,33,47.3408252783,Yes,0.0400159522
3006,Australian Catholic University,2017,OTHER,non-aligned,3543489,3540319,7083808,1890820960,0.3746419227,34,47.3408252783,Yes,-0.1189370984
2200,Central Queensland University,2017,QLD,RUN,2460360,3344697,5805057,1890820960,0.3070125159,35,47.3408252783,Yes,0.1029881003
3043,University of the Sunshine Coast,2017,QLD,RUN,2726377,2428891,5155268,1890820960,0.2726470728,36,47.3408252783,Yes,0.3843701921
2154,Federation University Australia,2017,VIC,RUN,1634565,2229434,3863999,1890820960,0.2043556255,37,47.3408252783,Yes,-0.0108473837
3003,Bond University,2017,QLD,non-aligned,1968131,1850761,3818892,1890820960,0.2019700480,38,47.3408252783,Yes,-0.0568959899
3044,The University of Notre Dame Australia,2017,WA,non-aligned,746323,819367,1565690,1890820960,0.0828047728,39,47.3408252783,Yes,0.0413266548
4331,University of Divinity,2017,VIC,non-aligned,580418,934113,1514531,1890820960,0.0800991227,40,47.3408252783,Yes,-0.0381917549
2246,Batchelor Institute of Indigenous Tertiary Education,2017,NT,non-aligned,144426,185163,329589,1890820960,0.0174309999,41,47.3408252783,Yes,0.0303639013
4449,Torrens University Australia,2017,SA,non-aligned,11570,38872,50442,1890820960,0.0026677301,42,47.3408252783,Yes,0.0259868760
3036,The University of Melbourne,2018,VIC,Go8,99177690,98127748,197305438,1921099156,10.2704453013,1,47.3507168102,Yes,0.2562482592
3019,The University of Queensland,2018,QLD,Go8,90585215,96436308,187021523,1921099156,9.7351311834,2,47.3507168102,Yes,-1.1335075201
3040,The University of Sydney,2018,NSW,Go8,88047781,97508015,185555796,1921099156,9.6588349134,3,47.3507168102,Yes,-0.7955497030
3035,Monash University,2018,VIC,Go8,83173107,87173023,170346130,1921099156,8.8671180490,4,47.3507168102,Yes,1.8698326241
3013,University of New South Wales,2018,NSW,Go8,79763515,89661819,169425334,1921099156,8.8191873632,5,47.3507168102,Yes,0.3987451756
3033,The Australian National University,2018,ACT,Go8,63101108,57139186,120240294,1921099156,6.2589322172,6,47.3507168102,Yes,-0.3399290856
1055,The University of Western Australia,2018,WA,Go8,46014991,48456942,94471933,1921099156,4.9175979649,7,47.3507168102,Yes,-1.0634623509
3010,The University of Adelaide,2018,SA,Go8,41190503,46864184,88054687,1921099156,4.5835576329,8,47.3507168102,No,
3042,Queensland University of Technology,2018,QLD,non-aligned,22596657,30990812,53587469,1921099156,2.7894171330,9,47.3507168102,Yes,-0.3531435434
3045,University of Tasmania,2018,TAS,non-aligned,23437114,24642801,48079915,1921099156,2.5027294843,10,47.3507168102,Yes,-0.1747230320
3014,University of Newcastle,2018,NSW,ATN,22159482,24081639,46241121,1921099156,2.4070137585,11,47.3507168102,Yes,-0.1668873791
2236,Curtin University,2018,WA,ATN,19743695,25859194,45602889,1921099156,2.3737915275,12,47.3507168102,Yes,0.0457420034
3025,Macquarie University,2018,NSW,non-aligned,16014727,27882585,43897312,1921099156,2.2850102173,13,47.3507168102,Yes,0.2655557649
3032,Griffith University,2018,QLD,IRU,17281534,23169577,40451111,1921099156,2.1056232768,14,47.3507168102,Yes,0.1208753205
1058,University of Wollongong,2018,NSW,non-aligned,13744241,22740798,36485039,1921099156,1.8991752136,15,47.3507168102,Yes,-0.3269777291
3027,University of South Australia,2018,SA,ATN,15314195,19756278,35070473,1921099156,1.8255420544,16,47.3507168102,No,
3034,Royal Melbourne Institute of Technology,2018,VIC,ATN,12939858,21264947,34204805,1921099156,1.7804809759,17,47.3507168102,Yes,0.3337972745
3020,La Trobe University,2018,VIC,IRU,15060424,18381832,33442256,1921099156,1.7407876057,18,47.3507168102,Yes,-0.0253887687
3030,Deakin University,2018,VIC,ATN,11699961,19598296,31298257,1921099156,1.6291848811,19,47.3507168102,Yes,1.0711481117
3016,University of Technology Sydney,2018,NSW,ATN,12496009,17081143,29577152,1921099156,1.5395952836,20,47.3507168102,Yes,0.6248804512
3029,Flinders University,2018,SA,IRU,12239063,15608881,27847944,1921099156,1.4495838964,21,47.3507168102,Yes,0.4438323352
1019,James Cook University,2018,QLD,IRU,12448320,14428018,26876338,1921099156,1.3990083706,22,47.3507168102,Yes,-0.4688741043
3004,Western Sydney University,2018,NSW,IRU,7485964,10865765,18351729,1921099156,0.9552723472,23,47.3507168102,Yes,0.2159931181
2177,Swinburne University of Technology,2018,VIC,non-aligned,6578598,11474972,18053570,1921099156,0.9397521176,24,47.3507168102,Yes,0.1301543648
1034,Murdoch University,2018,WA,IRU,7970591,9848575,17819166,1921099156,0.9275505611,25,47.3507168102,Yes,-0.0960906728
3001,Charles Darwin University,2018,NT,non-aligned,9899338,7267253,17166591,1921099156,0.8935817262,26,47.3507168102,Yes,0.0829956292
3039,University of New England,2018,NSW,RUN,7272094,9072274,16344368,1921099156,0.8507821134,27,47.3507168102,Yes,-0.0571367462
3007,Victoria University,2018,VIC,non-aligned,4246011,7478587,11724598,1921099156,0.6103067592,28,47.3507168102,Yes,-0.2707665595
2235,Edith Cowan University,2018,WA,non-aligned,4186845,7105273,11292118,1921099156,0.5877946469,29,47.3507168102,Yes,-0.0311712704
3005,Charles Sturt University,2018,NSW,RUN,3598282,6378816,9977098,1921099156,0.5193432087,30,47.3507168102,Yes,-0.0733405608
2241,University of Canberra,2018,ACT,IRU,4007502,5140501,9148003,1921099156,0.4761858841,31,47.3507168102,Yes,-0.0523926338
2201,University of Southern Queensland,2018,QLD,RUN,3282131,5294434,8576565,1921099156,0.4464405168,32,47.3507168102,Yes,0.2588511686
3038,Southern Cross University,2018,NSW,RUN,3161714,4356094,7517808,1921099156,0.3913284734,33,47.3507168102,Yes,0.0400159522
3006,Australian Catholic University,2018,OTHER,non-aligned,3424147,3770671,7194818,1921099156,0.3745157025,34,47.3507168102,Yes,-0.1189370984
3043,University of the Sunshine Coast,2018,QLD,RUN,3222366,2776828,5999194,1921099156,0.3122792481,35,47.3507168102,Yes,0.3843701921
2200,Central Queensland University,2018,QLD,RUN,2377497,3404329,5781826,1921099156,0.3009644756,36,47.3507168102,Yes,0.1029881003
3003,Bond University,2018,QLD,non-aligned,1901846,1892995,3794841,1921099156,0.1975348846,37,47.3507168102,Yes,-0.0568959899
2154,Federation University Australia,2018,VIC,RUN,1579514,2169677,3749191,1921099156,0.1951586407,38,47.3507168102,Yes,-0.0108473837
4331,University of Divinity,2018,VIC,non-aligned,665961,909458,1575419,1921099156,0.0820061263,39,47.3507168102,Yes,-0.0381917549
3044,The University of Notre Dame Australia,2018,WA,non-aligned,721187,829351,1550538,1921099156,0.0807109823,40,47.3507168102,Yes,0.0413266548
2246,Batchelor Institute of Indigenous Tertiary Education,2018,NT,non-aligned,139562,148107,287669,1921099156,0.0149741880,41,47.3507168102,Yes,0.0303639013
4449,Torrens University Australia,2018,SA,non-aligned,65054,45776,110830,1921099156,0.0057690932,42,47.3507168102,Yes,0.0259868760
3036,The University of Melbourne,2019,VIC,Go8,104591926,99880895,204472821,1921099156,10.6435329151,1,47.2736903852,Yes,0.2562482592
3019,The University of Queensland,2019,QLD,Go8,86477868,95788078,182265946,1921099156,9.4875865949,2,47.2736903852,Yes,-1.1335075201
3040,The University of Sydney,2019,NSW,Go8,84034177,95918046,179952223,1921099156,9.3671491364,3,47.2736903852,Yes,-0.7955497030
3013,University of New South Wales,2019,NSW,Go8,82834562,88663435,171497997,1921099156,8.9270767969,4,47.2736903852,Yes,0.3987451756
3035,Monash University,2019,VIC,Go8,81856685,88128795,169985480,1921099156,8.8483449420,5,47.2736903852,Yes,1.8698326241
3033,The Australian National University,2019,ACT,Go8,65417477,57768490,123185967,1921099156,6.4122649065,6,47.2736903852,Yes,-0.3399290856
1055,The University of Western Australia,2019,WA,Go8,43714242,47405537,91119779,1921099156,4.7431065031,7,47.2736903852,Yes,-1.0634623509
3010,The University of Adelaide,2019,SA,Go8,39130978,46227219,85358197,1921099156,4.4431957993,8,47.2736903852,No,
3042,Queensland University of Technology,2019,QLD,non-aligned,21988706,30583173,52571879,1921099156,2.7365520846,9,47.2736903852,Yes,-0.3531435434
3045,University of Tasmania,2019,TAS,non-aligned,22704511,24664377,47368888,1921099156,2.4657180163,10,47.2736903852,Yes,-0.1747230320
3014,University of Newcastle,2019,NSW,ATN,22658494,24388898,47047392,1921099156,2.4489830133,11,47.2736903852,Yes,-0.1668873791
2236,Curtin University,2019,WA,ATN,20353313,26300178,46653491,1921099156,2.4284790743,12,47.2736903852,Yes,0.0457420034
3025,Macquarie University,2019,NSW,non-aligned,15794885,28464054,44258939,1921099156,2.3038341806,13,47.2736903852,Yes,0.2655557649
3032,Griffith University,2019,QLD,IRU,17191513,23905484,41096997,1921099156,2.1392439256,14,47.2736903852,Yes,0.1208753205
1058,University of Wollongong,2019,NSW,non-aligned,14853389,22840259,37693648,1921099156,1.9620875832,15,47.2736903852,Yes,-0.3269777291
3027,University of South Australia,2019,SA,ATN,15997864,19633827,35631691,1921099156,1.8547554346,16,47.2736903852,No,
3020,La Trobe University,2019,VIC,IRU,15892531,18340530,34233061,1921099156,1.7819518005,17,47.2736903852,Yes,-0.0253887687
3034,Royal Melbourne Institute of Technology,2019,VIC,ATN,12292865,21145932,33438797,1921099156,1.7406075525,18,47.2736903852,Yes,0.3337972745
3030,Deakin University,2019,VIC,ATN,13026406,19751088,32777494,1921099156,1.7061843944,19,47.2736903852,Yes,1.0711481117
3016,University of Technology Sydney,2019,NSW,ATN,13263380,17385148,30648528,1921099156,1.5953641906,20,47.2736903852,Yes,0.6248804512
3029,Flinders University,2019,SA,IRU,11627110,15171865,26798975,1921099156,1.3949813531,21,47.2736903852,Yes,0.4438323352
1019,James Cook University,2019,QLD,IRU,11825904,14277427,26103331,1921099156,1.3587706245,22,47.2736903852,Yes,-0.4688741043
3004,Western Sydney University,2019,NSW,IRU,8039274,11134979,19174253,1921099156,0.9980876281,23,47.2736903852,Yes,0.2159931181
3001,Charles Darwin University,2019,NT,non-aligned,10746727,7496422,18243149,1921099156,0.9496203745,24,47.2736903852,Yes,0.0829956292
2177,Swinburne University of Technology,2019,VIC,non-aligned,6600469,11273569,17874038,1921099156,0.9304068426,25,47.2736903852,Yes,0.1301543648
1034,Murdoch University,2019,WA,IRU,7572061,9741486,17313547,1921099156,0.9012313053,26,47.2736903852,Yes,-0.0960906728
3039,University of New England,2019,NSW,RUN,7363977,9093954,16457931,1921099156,0.8566934689,27,47.2736903852,Yes,-0.0571367462
3007,Victoria University,2019,VIC,non-aligned,4033710,7474404,11508114,1921099156,0.5990380020,28,47.2736903852,Yes,-0.2707665595
2235,Edith Cowan University,2019,WA,non-aligned,3977503,6773116,10750619,1921099156,0.5596077103,29,47.2736903852,Yes,-0.0311712704
3005,Charles Sturt University,2019,NSW,RUN,3418368,6356780,9775148,1921099156,0.5088309976,30,47.2736903852,Yes,-0.0733405608
2241,University of Canberra,2019,ACT,IRU,3807127,5031575,8838702,1921099156,0.4600856740,31,47.2736903852,Yes,-0.0523926338
2201,University of Southern Queensland,2019,QLD,RUN,3307018,5309944,8616962,1921099156,0.4485433234,32,47.2736903852,Yes,0.2588511686
3038,Southern Cross University,2019,NSW,RUN,3003628,4241145,7244773,1921099156,0.3771160368,33,47.2736903852,Yes,0.0400159522
3006,Australian Catholic University,2019,OTHER,non-aligned,3252940,3856906,7109846,1921099156,0.3700926096,34,47.2736903852,Yes,-0.1189370984
3043,University of the Sunshine Coast,2019,QLD,RUN,3960627,3112889,7073516,1921099156,0.3682015047,35,47.2736903852,Yes,0.3843701921
2200,Central Queensland University,2019,QLD,RUN,2447793,3600656,6048449,1921099156,0.3148431449,36,47.2736903852,Yes,0.1029881003
3003,Bond University,2019,QLD,non-aligned,1806754,1882409,3689163,1921099156,0.1920339712,37,47.2736903852,Yes,-0.0568959899
2154,Federation University Australia,2019,VIC,RUN,1500538,2124204,3624742,1921099156,0.1886806305,38,47.2736903852,Yes,-0.0108473837
4331,University of Divinity,2019,VIC,non-aligned,671583,888184,1559767,1921099156,0.0811913844,39,47.2736903852,Yes,-0.0381917549
3044,The University of Notre Dame Australia,2019,WA,non-aligned,685128,862242,1547370,1921099156,0.0805460767,40,47.2736903852,Yes,0.0413266548
2246,Batchelor Institute of Indigenous Tertiary Education,2019,NT,non-aligned,132584,127117,259701,1921099156,0.0135183548,41,47.2736903852,Yes,0.0303639013
4449,Torrens University Australia,2019,SA,non-aligned,158799,69046,227845,1921099156,0.0118601374,42,47.2736903852,Yes,0.0259868760
3036,The University of Melbourne,2020,VIC,Go8,106971353,103597249,210568602,1955678941,10.7670332581,1,47.4036792832,Yes,0.2562482592
3019,The University of Queensland,2020,QLD,Go8,87536099,95936204,183472303,1955678941,9.3815144784,2,47.4036792832,Yes,-1.1335075201
3040,The University of Sydney,2020,NSW,Go8,84957930,93517054,178474984,1955678941,9.1259858793,3,47.4036792832,Yes,-0.7955497030
3013,University of New South Wales,2020,NSW,Go8,86796052,91086046,177882098,1955678941,9.0956697580,4,47.4036792832,Yes,0.3987451756
3035,Monash University,2020,VIC,Go8,84941797,91723989,176665786,1955678941,9.0334759094,5,47.4036792832,Yes,1.8698326241
3033,The Australian National University,2020,ACT,Go8,67057803,59083721,126141524,1955678941,6.4500118785,6,47.4036792832,Yes,-0.3399290856
1055,The University of Western Australia,2020,WA,Go8,42276043,46593725,88869768,1955678941,4.5441900578,7,47.4036792832,Yes,-1.0634623509
3010,The University of Adelaide,2020,SA,Go8,39619864,46680414,86300278,1955678941,4.4128039726,8,47.4036792832,No,
3042,Queensland University of Technology,2020,QLD,non-aligned,21570609,30903416,52474025,1955678941,2.6831615302,9,47.4036792832,Yes,-0.3531435434
3014,University of Newcastle,2020,NSW,ATN,23147160,25194502,48341662,1955678941,2.4718608452,10,47.4036792832,Yes,-0.1668873791
2236,Curtin University,2020,WA,ATN,20843454,27169347,48012801,1955678941,2.4550451505,11,47.4036792832,Yes,0.0457420034
3045,University of Tasmania,2020,TAS,non-aligned,21957533,25009391,46966924,1955678941,2.4015661781,12,47.4036792832,Yes,-0.1747230320
3025,Macquarie University,2020,NSW,non-aligned,15810498,29620984,45431482,1955678941,2.3230542114,13,47.4036792832,Yes,0.2655557649
3032,Griffith University,2020,QLD,IRU,16763936,24663393,41427329,1955678941,2.1183093059,14,47.4036792832,Yes,0.1208753205
1058,University of Wollongong,2020,NSW,non-aligned,15737306,23692889,39430195,1955678941,2.0161895786,15,47.4036792832,Yes,-0.3269777291
3027,University of South Australia,2020,SA,ATN,16903308,19622443,36525751,1955678941,1.8676762445,16,47.4036792832,No,
3020,La Trobe University,2020,VIC,IRU,16413450,18931954,35345404,1955678941,1.8073213992,17,47.4036792832,Yes,-0.0253887687
3030,Deakin University,2020,VIC,ATN,14183638,19988998,34172636,1955678941,1.7473540919,18,47.4036792832,Yes,1.0711481117
3034,Royal Melbourne Institute of Technology,2020,VIC,ATN,11899488,21525865,33425353,1955678941,1.7091431676,19,47.4036792832,Yes,0.3337972745
3016,University of Technology Sydney,2020,NSW,ATN,14408099,18602644,33010743,1955678941,1.6879428575,20,47.4036792832,Yes,0.6248804512
3029,Flinders University,2020,SA,IRU,11244578,15105973,26350551,1955678941,1.3473863448,21,47.4036792832,Yes,0.4438323352
1019,James Cook University,2020,QLD,IRU,11436832,14143783,25580615,1955678941,1.3080171016,22,47.4036792832,Yes,-0.4688741043
3004,Western Sydney University,2020,NSW,IRU,8182221,11745665,19927886,1955678941,1.0189753329,23,47.4036792832,Yes,0.2159931181
2177,Swinburne University of Technology,2020,VIC,non-aligned,7282495,11849456,19131951,1955678941,0.9782766792,24,47.4036792832,Yes,0.1301543648
3001,Charles Darwin University,2020,NT,non-aligned,10651336,7646784,18298120,1955678941,0.9356402841,25,47.4036792832,Yes,0.0829956292
1034,Murdoch University,2020,WA,IRU,7322940,9976344,17299284,1955678941,0.8845666657,26,47.4036792832,Yes,-0.0960906728
3039,University of New England,2020,NSW,RUN,7547147,9114384,16661531,1955678941,0.8519563539,27,47.4036792832,Yes,-0.0571367462
3007,Victoria University,2020,VIC,non-aligned,3901001,7496506,11397507,1955678941,0.5827902914,28,47.4036792832,Yes,-0.2707665595
2235,Edith Cowan University,2020,WA,non-aligned,3846643,6747402,10594045,1955678941,0.5417067586,29,47.4036792832,Yes,-0.0311712704
3005,Charles Sturt University,2020,NSW,RUN,3305904,6278059,9583963,1955678941,0.4900580969,30,47.4036792832,Yes,-0.0733405608
2201,University of Southern Queensland,2020,QLD,RUN,3705175,5569228,9274403,1955678941,0.4742293229,31,47.4036792832,Yes,0.2588511686
2241,University of Canberra,2020,ACT,IRU,3681873,5022127,8704000,1955678941,0.4450628279,32,47.4036792832,Yes,-0.0523926338
3043,University of the Sunshine Coast,2020,QLD,RUN,4685235,3739106,8424341,1955678941,0.4307629859,33,47.4036792832,Yes,0.3843701921
3038,Southern Cross University,2020,NSW,RUN,2904809,4204354,7109163,1955678941,0.3635138085,34,47.4036792832,Yes,0.0400159522
3006,Australian Catholic University,2020,OTHER,non-aligned,3145918,3933890,7079808,1955678941,0.3620127952,35,47.4036792832,Yes,-0.1189370984
2200,Central Queensland University,2020,QLD,RUN,2637762,3670417,6308179,1955678941,0.3225569835,36,47.4036792832,Yes,0.1029881003
2154,Federation University Australia,2020,VIC,RUN,1451170,2196126,3647296,1955678941,0.1864976875,37,47.4036792832,Yes,-0.0108473837
3003,Bond University,2020,QLD,non-aligned,1747312,1879535,3626847,1955678941,0.1854520660,38,47.4036792832,Yes,-0.0568959899
3044,The University of Notre Dame Australia,2020,WA,non-aligned,662587,1052269,1714856,1955678941,0.0876859675,39,47.4036792832,Yes,0.0413266548
4331,University of Divinity,2020,VIC,non-aligned,649488,831669,1481157,1955678941,0.0757362044,40,47.4036792832,Yes,-0.0381917549
4449,Torrens University Australia,2020,SA,non-aligned,191603,101887,293490,1955678941,0.0150070645,41,47.4036792832,Yes,0.0259868760
2246,Batchelor Institute of Indigenous Tertiary Education,2020,NT,non-aligned,128222,122078,250300,1955678941,0.0127986243,42,47.4036792832,Yes,0.0303639013
3036,The University of Melbourne,2021,VIC,Go8,214514060,106567611,321081671,2990881161,10.7353536873,1,48.7059974831,Yes,0.2562482592
3019,The University of Queensland,2021,QLD,Go8,190500856,97299757,287800613,2990881161,9.6226027551,2,48.7059974831,Yes,-1.1335075201
3035,Monash University,2021,VIC,Go8,191601823,95438167,287039990,2990881161,9.5971713535,3,48.7059974831,Yes,1.8698326241
3013,University of New South Wales,2021,NSW,Go8,192211278,94094591,286305869,2990881161,9.5726260452,4,48.7059974831,Yes,0.3987451756
3040,The University of Sydney,2021,NSW,Go8,182577301,91933059,274510360,2990881161,9.1782436420,5,48.7059974831,Yes,-0.7955497030
3033,The Australian National University,2021,ACT,Go8,137960149,59495907,197456056,2990881161,6.6019358634,6,48.7059974831,Yes,-0.3399290856
1055,The University of Western Australia,2021,WA,Go8,86414984,46116371,132531355,2990881161,4.4311809084,7,48.7059974831,Yes,-1.0634623509
3010,The University of Adelaide,2021,SA,Go8,81891083,46850222,128741305,2990881161,4.3044607281,8,48.7059974831,No,
3014,University of Newcastle,2021,NSW,ATN,48365335,25840587,74205922,2990881161,2.4810722327,9,48.7059974831,Yes,-0.1668873791
3042,Queensland University of Technology,2021,QLD,non-aligned,42026223,30830953,72857176,2990881161,2.4359769606,10,48.7059974831,Yes,-0.3531435434
2236,Curtin University,2021,WA,ATN,44273982,27825644,72099626,2990881161,2.4106483046,11,48.7059974831,Yes,0.0457420034
3045,University of Tasmania,2021,TAS,non-aligned,42895827,25397277,68293104,2990881161,2.2833773836,12,48.7059974831,Yes,-0.1747230320
3025,Macquarie University,2021,NSW,non-aligned,35156455,30649639,65806094,2990881161,2.2002242970,13,48.7059974831,Yes,0.2655557649
3032,Griffith University,2021,QLD,IRU,35660253,25290058,60950311,2990881161,2.0378713737,14,48.7059974831,Yes,0.1208753205
1058,University of Wollongong,2021,NSW,non-aligned,32008608,24183666,56192274,2990881161,1.8787865841,15,48.7059974831,Yes,-0.3269777291
3016,University of Technology Sydney,2021,NSW,ATN,34008775,20195726,54204501,2990881161,1.8123254681,16,48.7059974831,Yes,0.6248804512
3027,University of South Australia,2021,SA,ATN,34821818,19005310,53827128,2990881161,1.7997080159,17,48.7059974831,No,
3020,La Trobe University,2021,VIC,IRU,34208263,19474602,53682865,2990881161,1.7948845879,18,48.7059974831,Yes,-0.0253887687
3030,Deakin University,2021,VIC,ATN,31893142,20453826,52346968,2990881161,1.7502189215,19,48.7059974831,Yes,1.0711481117
3034,Royal Melbourne Institute of Technology,2021,VIC,ATN,25916058,22010716,47926774,2990881161,1.6024299001,20,48.7059974831,Yes,0.3337972745
3029,Flinders University,2021,SA,IRU,23074252,15336016,38410268,2990881161,1.2842458771,21,48.7059974831,Yes,0.4438323352
1019,James Cook University,2021,QLD,IRU,20533182,13828630,34361812,2990881161,1.1488859019,22,48.7059974831,Yes,-0.4688741043
2177,Swinburne University of Technology,2021,VIC,non-aligned,17513339,12706919,30220258,2990881161,1.0104131984,23,48.7059974831,Yes,0.1301543648
3004,Western Sydney University,2021,NSW,IRU,17594263,12467369,30061632,2990881161,1.0051095440,24,48.7059974831,Yes,0.2159931181
3001,Charles Darwin University,2021,NT,non-aligned,21296809,7766524,29063333,2990881161,0.9717314542,25,48.7059974831,Yes,0.0829956292
1034,Murdoch University,2021,WA,IRU,16617117,10246001,26863118,2990881161,0.8981673478,26,48.7059974831,Yes,-0.0960906728
3039,University of New England,2021,NSW,RUN,15640181,9083459,24723640,2990881161,0.8266339807,27,48.7059974831,Yes,-0.0571367462
3043,University of the Sunshine Coast,2021,QLD,RUN,11751441,4597473,16348914,2990881161,0.5466253295,28,48.7059974831,Yes,0.3843701921
2201,University of Southern Queensland,2021,QLD,RUN,9431967,6030159,15462126,2990881161,0.5169756058,29,48.7059974831,Yes,0.2588511686
3007,Victoria University,2021,VIC,non-aligned,7304456,7385389,14689845,2990881161,0.4911544194,30,48.7059974831,Yes,-0.2707665595
2235,Edith Cowan University,2021,WA,non-aligned,7399283,6679659,14078942,2990881161,0.4707289004,31,48.7059974831,Yes,-0.0311712704
2241,University of Canberra,2021,ACT,IRU,8188805,5118839,13307644,2990881161,0.4449405805,32,48.7059974831,Yes,-0.0523926338
3005,Charles Sturt University,2021,NSW,RUN,6259674,5998381,12258055,2990881161,0.4098476115,33,48.7059974831,Yes,-0.0733405608
3038,Southern Cross University,2021,NSW,RUN,5964630,4119561,10084191,2990881161,0.3371645497,34,48.7059974831,Yes,0.0400159522
2200,Central Queensland University,2021,QLD,RUN,5848951,3679941,9528892,2990881161,0.3185981484,35,48.7059974831,Yes,0.1029881003
3006,Australian Catholic University,2021,OTHER,non-aligned,4930485,3968872,8899357,2990881161,0.2975496692,36,48.7059974831,Yes,-0.1189370984
2154,Federation University Australia,2021,VIC,RUN,2580270,2273755,4854025,2990881161,0.1622941447,37,48.7059974831,Yes,-0.0108473837
3003,Bond University,2021,QLD,non-aligned,2621800,1846509,4468309,2990881161,0.1493977447,38,48.7059974831,Yes,-0.0568959899
3044,The University of Notre Dame Australia,2021,WA,non-aligned,1129812,1214150,2343962,2990881161,0.0783702820,39,48.7059974831,Yes,0.0413266548
4331,University of Divinity,2021,VIC,non-aligned,1187746,819980,2007726,2990881161,0.0671282439,40,48.7059974831,Yes,-0.0381917549
4449,Torrens University Australia,2021,SA,non-aligned,419459,130751,550210,2990881161,0.0183962508,41,48.7059974831,Yes,0.0259868760
2246,Batchelor Institute of Indigenous Tertiary Education,2021,NT,non-aligned,295414,139526,434940,2990881161,0.0145422027,42,48.7059974831,Yes,0.0303639013
3036,The University of Melbourne,2022,VIC,Go8,111118253,111813256,222931509,2008799090,11.0977503977,1,49.0957827445,Yes,0.2562482592
3035,Monash University,2022,VIC,Go8,97239184,102424908,199664092,2008799090,9.9394754306,2,49.0957827445,Yes,1.8698326241
3013,University of New South Wales,2022,NSW,Go8,97163618,96402360,193565978,2008799090,9.6359053010,3,49.0957827445,Yes,0.3987451756
3019,The University of Queensland,2022,QLD,Go8,91465589,100217285,191682874,2008799090,9.5421625266,4,49.0957827445,Yes,-1.1335075201
3040,The University of Sydney,2022,NSW,Go8,88217569,90173615,178391184,2008799090,8.8804890886,5,49.0957827445,Yes,-0.7955497030
3033,The Australian National University,2022,ACT,Go8,61564969,53648762,115213731,2008799090,5.7354531657,6,49.0957827445,Yes,-0.3399290856
3010,The University of Adelaide,2022,SA,Go8,40793713,46169968,86963681,2008799090,4.3291378134,7,49.0957827445,No,
1055,The University of Western Australia,2022,WA,Go8,42820477,42513528,85334005,2008799090,4.2480109347,8,49.0957827445,Yes,-1.0634623509
3014,University of Newcastle,2022,NSW,ATN,23705205,27539140,51244345,2008799090,2.5509940369,9,49.0957827445,Yes,-0.1668873791
2236,Curtin University,2022,WA,ATN,20944933,29273950,50218883,2008799090,2.4999455272,10,49.0957827445,Yes,0.0457420034
3042,Queensland University of Technology,2022,QLD,non-aligned,19316131,29068532,48384663,2008799090,2.4086362464,11,49.0957827445,Yes,-0.3531435434
3025,Macquarie University,2022,NSW,non-aligned,17036142,30316330,47352472,2008799090,2.3572527604,12,49.0957827445,Yes,0.2655557649
3045,University of Tasmania,2022,TAS,non-aligned,19931136,25859741,45790877,2008799090,2.2795150211,13,49.0957827445,Yes,-0.1747230320
3016,University of Technology Sydney,2022,NSW,ATN,16601301,25973884,42575185,2008799090,2.1194347017,14,49.0957827445,Yes,0.6248804512
3032,Griffith University,2022,QLD,IRU,16316451,25154439,41470890,2008799090,2.0644618074,15,49.0957827445,Yes,0.1208753205
3034,Royal Melbourne Institute of Technology,2022,VIC,ATN,13354848,24817631,38172479,2008799090,1.9002636545,16,49.0957827445,Yes,0.3337972745
3030,Deakin University,2022,VIC,ATN,16293171,20839807,37132978,2008799090,1.8485162695,17,49.0957827445,Yes,1.0711481117
1058,University of Wollongong,2022,NSW,non-aligned,14169578,22728971,36898549,2008799090,1.8368461626,18,49.0957827445,Yes,-0.3269777291
3020,La Trobe University,2022,VIC,IRU,15987398,18453725,34441123,2008799090,1.7145130726,19,49.0957827445,Yes,-0.0253887687
3027,University of South Australia,2022,SA,ATN,16033125,15858732,31891857,2008799090,1.5876080967,20,49.0957827445,No,
3029,Flinders University,2022,SA,IRU,11794585,15217026,27011611,2008799090,1.3446646374,21,49.0957827445,Yes,0.4438323352
2177,Swinburne University of Technology,2022,VIC,non-aligned,8544644,14242555,22787199,2008799090,1.1343692415,22,49.0957827445,Yes,0.1301543648
3004,Western Sydney University,2022,NSW,IRU,8170072,14151147,22321219,2008799090,1.1111722975,23,49.0957827445,Yes,0.2159931181
1019,James Cook University,2022,QLD,IRU,7317967,11195924,18513891,2008799090,0.9216397544,24,49.0957827445,Yes,-0.4688741043
3001,Charles Darwin University,2022,NT,non-aligned,10164121,8041855,18205976,2008799090,0.9063114420,25,49.0957827445,Yes,0.0829956292
3039,University of New England,2022,NSW,RUN,8147829,9261262,17409091,2008799090,0.8666417208,26,49.0957827445,Yes,-0.0571367462
1034,Murdoch University,2022,WA,IRU,7502523,9827392,17329915,2008799090,0.8627002614,27,49.0957827445,Yes,-0.0960906728
2201,University of Southern Queensland,2022,QLD,RUN,4439353,7807530,12246883,2008799090,0.6096619150,28,49.0957827445,Yes,0.2588511686
3043,University of the Sunshine Coast,2022,QLD,RUN,5170986,6211468,11382454,2008799090,0.5666297868,29,49.0957827445,Yes,0.3843701921
2235,Edith Cowan University,2022,WA,non-aligned,3458504,6411545,9870049,2008799090,0.4913407742,30,49.0957827445,Yes,-0.0311712704
3007,Victoria University,2022,VIC,non-aligned,3046763,6504162,9550925,2008799090,0.4754544667,31,49.0957827445,Yes,-0.2707665595
2241,University of Canberra,2022,ACT,IRU,4076672,4366091,8442763,2008799090,0.4202890693,32,49.0957827445,Yes,-0.0523926338
2200,Central Queensland University,2022,QLD,RUN,3186615,3688488,6875103,2008799090,0.3422494083,33,49.0957827445,Yes,0.1029881003
3005,Charles Sturt University,2022,NSW,RUN,2163952,4489624,6653576,2008799090,0.3312215758,34,49.0957827445,Yes,-0.0733405608
3038,Southern Cross University,2022,NSW,RUN,2826644,3326464,6153108,2008799090,0.3063077851,35,49.0957827445,Yes,0.0400159522
3006,Australian Catholic University,2022,OTHER,non-aligned,1467740,3120749,4588489,2008799090,0.2284195081,36,49.0957827445,Yes,-0.1189370984
2154,Federation University Australia,2022,VIC,RUN,1060821,2572241,3633062,2008799090,0.1808574097,37,49.0957827445,Yes,-0.0108473837
3003,Bond University,2022,QLD,non-aligned,922642,1544813,2467455,2008799090,0.1228323436,38,49.0957827445,Yes,-0.0568959899
3044,The University of Notre Dame Australia,2022,WA,non-aligned,480706,1702450,2183156,2008799090,0.1086796589,39,49.0957827445,Yes,0.0413266548
4331,University of Divinity,2022,VIC,non-aligned,468926,636254,1105180,2008799090,0.0550169505,40,49.0957827445,Yes,-0.0381917549
4449,Torrens University Australia,2022,SA,non-aligned,209439,193670,403109,2008799090,0.0200671636,41,49.0957827445,Yes,0.0259868760
2246,Batchelor Institute of Indigenous Tertiary Education,2022,NT,non-aligned,133720,209801,343521,2008799090,0.0171008142,42,49.0957827445,Yes,0.0303639013
3036,The University of Melbourne,2023,VIC,Go8,119891805,114471132,234362937,2079107057,11.2722880821,1,48.7036702892,Yes,0.2562482592
3035,Monash University,2023,VIC,Go8,101809297,107450028,209259325,2079107057,10.0648653130,2,48.7036702892,Yes,1.8698326241
3013,University of New South Wales,2023,NSW,Go8,98232652,97780933,196013585,2079107057,9.4277773884,3,48.7036702892,Yes,0.3987451756
3040,The University of Sydney,2023,NSW,Go8,96420106,95933704,192353810,2079107057,9.2517510992,4,48.7036702892,Yes,-0.7955497030
3019,The University of Queensland,2023,QLD,Go8,85741600,94870189,180611789,2079107057,8.6869884065,5,48.7036702892,Yes,-1.1335075201
3033,The Australian National University,2023,ACT,Go8,59255431,52476862,111732293,2079107057,5.3740519337,6,48.7036702892,Yes,-0.3399290856
3010,The University of Adelaide,2023,SA,Go8,48163400,50193228,98356628,2079107057,4.7307149321,7,48.7036702892,No,
1055,The University of Western Australia,2023,WA,Go8,42982499,42064772,85047271,2079107057,4.0905671843,8,48.7036702892,Yes,-1.0634623509
3014,University of Newcastle,2023,NSW,ATN,24288287,30662349,54950636,2079107057,2.6429921353,9,48.7036702892,Yes,-0.1668873791
3042,Queensland University of Technology,2023,QLD,non-aligned,21093117,31692976,52786093,2079107057,2.5388828739,10,48.7036702892,Yes,-0.3531435434
2236,Curtin University,2023,WA,ATN,21013797,29670302,50684099,2079107057,2.4377820675,11,48.7036702892,Yes,0.0457420034
3045,University of Tasmania,2023,TAS,non-aligned,22793527,26684857,49478384,2079107057,2.3797901043,12,48.7036702892,Yes,-0.1747230320
3025,Macquarie University,2023,NSW,non-aligned,17199403,31331018,48530421,2079107057,2.3341953863,13,48.7036702892,Yes,0.2655557649
3016,University of Technology Sydney,2023,NSW,ATN,15908194,28541184,44449378,2079107057,2.1379071294,14,48.7036702892,Yes,0.6248804512
3030,Deakin University,2023,VIC,ATN,18831850,23997700,42829550,2079107057,2.0599973366,15,48.7036702892,Yes,1.0711481117
3034,Royal Melbourne Institute of Technology,2023,VIC,ATN,15209851,27264714,42474565,2079107057,2.0429234203,16,48.7036702892,Yes,0.3337972745
3032,Griffith University,2023,QLD,IRU,16168941,26006458,42175399,2079107057,2.0285342622,17,48.7036702892,Yes,0.1208753205
1058,University of Wollongong,2023,NSW,non-aligned,13156239,23545862,36702101,2079107057,1.7652819212,18,48.7036702892,Yes,-0.3269777291
3020,La Trobe University,2023,VIC,IRU,15368239,17964869,33333108,2079107057,1.6032415401,19,48.7036702892,Yes,-0.0253887687
3027,University of South Australia,2023,SA,ATN,16230114,16956684,33186798,2079107057,1.5962043844,20,48.7036702892,No,
3029,Flinders University,2023,SA,IRU,13998751,16850703,30849454,2079107057,1.4837838146,21,48.7036702892,Yes,0.4438323352
2177,Swinburne University of Technology,2023,VIC,non-aligned,9410130,15728868,25138998,2079107057,1.2091247498,22,48.7036702892,Yes,0.1301543648
3004,Western Sydney University,2023,NSW,IRU,8348080,15943858,24291938,2079107057,1.1683832210,23,48.7036702892,Yes,0.2159931181
3001,Charles Darwin University,2023,NT,non-aligned,10695167,8539898,19235065,2079107057,0.9251599111,24,48.7036702892,Yes,0.0829956292
3039,University of New England,2023,NSW,RUN,7978371,9929354,17907725,2079107057,0.8613180807,25,48.7036702892,Yes,-0.0571367462
1019,James Cook University,2023,QLD,IRU,7198753,10432319,17631072,2079107057,0.8480117433,26,48.7036702892,Yes,-0.4688741043
1034,Murdoch University,2023,WA,IRU,6382087,9700041,16082128,2079107057,0.7735112988,27,48.7036702892,Yes,-0.0960906728
2201,University of Southern Queensland,2023,QLD,RUN,4496694,8665604,13162298,2079107057,0.6330745671,28,48.7036702892,Yes,0.2588511686
3007,Victoria University,2023,VIC,non-aligned,3734364,6635317,10369681,2079107057,0.4987564717,29,48.7036702892,Yes,-0.2707665595
2235,Edith Cowan University,2023,WA,non-aligned,3701315,6580496,10281811,2079107057,0.4945301381,30,48.7036702892,Yes,-0.0311712704
3043,University of the Sunshine Coast,2023,QLD,RUN,4444535,5545472,9990007,2079107057,0.4804950744,31,48.7036702892,Yes,0.3843701921
2200,Central Queensland University,2023,QLD,RUN,3583297,3840243,7423540,2079107057,0.3570542448,32,48.7036702892,Yes,0.1029881003
2241,University of Canberra,2023,ACT,IRU,3350252,4001021,7351273,2079107057,0.3535783776,33,48.7036702892,Yes,-0.0523926338
3005,Charles Sturt University,2023,NSW,RUN,2504839,4642645,7147484,2079107057,0.3437766216,34,48.7036702892,Yes,-0.0733405608
3038,Southern Cross University,2023,NSW,RUN,3008867,4129550,7138417,2079107057,0.3433405209,35,48.7036702892,Yes,0.0400159522
3006,Australian Catholic University,2023,OTHER,non-aligned,1480499,2876087,4356586,2079107057,0.2095412059,36,48.7036702892,Yes,-0.1189370984
2154,Federation University Australia,2023,VIC,RUN,1182939,2974444,4157383,2079107057,0.1999600254,37,48.7036702892,Yes,-0.0108473837
3003,Bond University,2023,QLD,non-aligned,909633,1864695,2774328,2079107057,0.1334384389,38,48.7036702892,Yes,-0.0568959899
3044,The University of Notre Dame Australia,2023,WA,non-aligned,517655,2222326,2739981,2079107057,0.1317864316,39,48.7036702892,Yes,0.0413266548
4331,University of Divinity,2023,VIC,non-aligned,460093,513984,974077,2079107057,0.0468507380,40,48.7036702892,Yes,-0.0381917549
4449,Torrens University Australia,2023,SA,non-aligned,227902,208714,436616,2079107057,0.0210001692,41,48.7036702892,Yes,0.0259868760
2246,Batchelor Institute of Indigenous Tertiary Education,2023,NT,non-aligned,174423,174602,349025,2079107057,0.0167872548,42,48.7036702892,Yes,0.0303639013
3036,The University of Melbourne,2024,VIC,Go8,126305288,117206808,243512096,2241277406,10.8648797935,1,47.7477866031,Yes,0.2562482592
3035,Monash University,2024,VIC,Go8,116166795,122798840,238965635,2241277406,10.6620284647,2,47.7477866031,Yes,1.8698326241
3013,University of New South Wales,2024,NSW,Go8,99379239,105060012,204439251,2241277406,9.1215505253,3,47.7477866031,Yes,0.3987451756
3040,The University of Sydney,2024,NSW,Go8,99478292,102046959,201525251,2241277406,8.9915353834,4,47.7477866031,Yes,-0.7955497030
3019,The University of Queensland,2024,QLD,Go8,85072108,96646012,181718120,2241277406,8.1077924363,5,47.7477866031,Yes,-1.1335075201
3033,The Australian National University,2024,ACT,Go8,66784824,58237230,125022054,2241277406,5.5781606358,6,47.7477866031,Yes,-0.3399290856
3010,The University of Adelaide,2024,SA,Go8,49591732,53241854,102833586,2241277406,4.5881685919,7,47.7477866031,No,
1055,The University of Western Australia,2024,WA,Go8,45249047,43932830,89181877,2241277406,3.9790646513,8,47.7477866031,Yes,-1.0634623509
3042,Queensland University of Technology,2024,QLD,non-aligned,22934769,33921139,56855908,2241277406,2.5367635371,9,47.7477866031,Yes,-0.3531435434
3014,University of Newcastle,2024,NSW,ATN,24136894,31145614,55282508,2241277406,2.4665624992,10,47.7477866031,Yes,-0.1668873791
2236,Curtin University,2024,WA,ATN,23721482,30736270,54457752,2241277406,2.4297640200,11,47.7477866031,Yes,0.0457420034
3030,Deakin University,2024,VIC,ATN,22698305,30037103,52735408,2241277406,2.3529174862,12,47.7477866031,Yes,1.0711481117
3025,Macquarie University,2024,NSW,non-aligned,18900193,32626464,51526657,2241277406,2.2989861434,13,47.7477866031,Yes,0.2655557649
3045,University of Tasmania,2024,TAS,non-aligned,23844600,27645641,51490241,2241277406,2.2973613557,14,47.7477866031,Yes,-0.1747230320
3034,Royal Melbourne Institute of Technology,2024,VIC,ATN,18585164,30396426,48981590,2241277406,2.1854318376,15,47.7477866031,Yes,0.3337972745
3016,University of Technology Sydney,2024,NSW,ATN,17059368,30025624,47084992,2241277406,2.1008105411,16,47.7477866031,Yes,0.6248804512
3032,Griffith University,2024,QLD,IRU,17980765,28270010,46250775,2241277406,2.0635899365,17,47.7477866031,Yes,0.1208753205
1058,University of Wollongong,2024,NSW,non-aligned,15067895,25561863,40629758,2241277406,1.8127946987,18,47.7477866031,Yes,-0.3269777291
3029,Flinders University,2024,SA,IRU,19232564,19713567,38946131,2241277406,1.7376756173,19,47.7477866031,Yes,0.4438323352
3020,La Trobe University,2024,VIC,IRU,16358152,21227058,37585210,2241277406,1.6769548428,20,47.7477866031,Yes,-0.0253887687
3027,University of South Australia,2024,SA,ATN,16576822,17306833,33883655,2241277406,1.5118010341,21,47.7477866031,No,
2177,Swinburne University of Technology,2024,VIC,non-aligned,10636873,19342184,29979057,2241277406,1.3375879719,22,47.7477866031,Yes,0.1301543648
3004,Western Sydney University,2024,NSW,IRU,9426042,16496385,25922427,2241277406,1.1565916352,23,47.7477866031,Yes,0.2159931181
3001,Charles Darwin University,2024,NT,non-aligned,12535658,10170682,22706340,2241277406,1.0130981528,24,47.7477866031,Yes,0.0829956292
1019,James Cook University,2024,QLD,IRU,8847217,12198540,21045757,2241277406,0.9390072351,25,47.7477866031,Yes,-0.4688741043
1034,Murdoch University,2024,WA,IRU,7279457,11561091,18840548,2241277406,0.8406165140,26,47.7477866031,Yes,-0.0960906728
3039,University of New England,2024,NSW,RUN,8303055,10271411,18574466,2241277406,0.8287446235,27,47.7477866031,Yes,-0.0571367462
2201,University of Southern Queensland,2024,QLD,RUN,5966075,10225314,16191389,2241277406,0.7224178924,28,47.7477866031,Yes,0.2588511686
3043,University of the Sunshine Coast,2024,QLD,RUN,5426370,6488994,11915364,2241277406,0.5316327184,29,47.7477866031,Yes,0.3843701921
3007,Victoria University,2024,VIC,non-aligned,5038730,6499964,11538694,2241277406,0.5148266774,30,47.7477866031,Yes,-0.2707665595
2235,Edith Cowan University,2024,WA,non-aligned,4083121,7021835,11104956,2241277406,0.4954744098,31,47.7477866031,Yes,-0.0311712704
3038,Southern Cross University,2024,NSW,RUN,4074020,4997742,9071762,2241277406,0.4047585531,32,47.7477866031,Yes,0.0400159522
2241,University of Canberra,2024,ACT,IRU,3653438,4673318,8326756,2241277406,0.3715183126,33,47.7477866031,Yes,-0.0523926338
3005,Charles Sturt University,2024,NSW,RUN,3181092,4899349,8080441,2241277406,0.3605283745,34,47.7477866031,Yes,-0.0733405608
2200,Central Queensland University,2024,QLD,RUN,3649512,4260945,7910457,2241277406,0.3529441281,35,47.7477866031,Yes,0.1029881003
3006,Australian Catholic University,2024,OTHER,non-aligned,1658508,2700110,4358618,2241277406,0.1944702601,36,47.7477866031,Yes,-0.1189370984
2154,Federation University Australia,2024,VIC,RUN,1314662,2971820,4286482,2241277406,0.1912517383,37,47.7477866031,Yes,-0.0108473837
3003,Bond University,2024,QLD,non-aligned,1018393,2244753,3263146,2241277406,0.1455931332,38,47.7477866031,Yes,-0.0568959899
3044,The University of Notre Dame Australia,2024,WA,non-aligned,727801,2116002,2843803,2241277406,0.1268831334,39,47.7477866031,Yes,0.0413266548
4331,University of Divinity,2024,VIC,non-aligned,497673,673016,1170689,2241277406,0.0522331148,40,47.7477866031,Yes,-0.0381917549
4449,Torrens University Australia,2024,SA,non-aligned,266053,387107,653160,2241277406,0.0291423096,41,47.7477866031,Yes,0.0259868760
2246,Batchelor Institute of Indigenous Tertiary Education,2024,NT,non-aligned,273497,181933,455430,2241277406,0.0203201085,42,47.7477866031,Yes,0.0303639013
2252,Avondale University,2024,NSW,non-aligned,34115,95094,129209,2241277406,0.0057649713,43,47.7477866031,No,
3035,Monash University,2025,VIC,Go8,126109023,135257526,261366549,2333169785,11.2022087154,1,47.9180607938,Yes,1.8698326241
3036,The University of Melbourne,2025,VIC,Go8,126983898,121170874,248154772,2333169785,10.6359500108,2,47.9180607938,Yes,0.2562482592
3013,University of New South Wales,2025,NSW,Go8,104074021,109174410,213248431,2333169785,9.1398591037,3,47.9180607938,Yes,0.3987451756
3040,The University of Sydney,2025,NSW,Go8,95336697,104725797,200062494,2333169785,8.5747079054,4,47.9180607938,Yes,-0.7955497030
3019,The University of Queensland,2025,QLD,Go8,91376822,103800648,195177470,2333169785,8.3653350585,5,47.9180607938,Yes,-1.1335075201
3033,The Australian National University,2025,ACT,Go8,72303211,62363474,134666685,2333169785,5.7718339174,6,47.9180607938,Yes,-0.3399290856
3010,The University of Adelaide,2025,SA,Go8,46230925,51817206,98048131,2333169785,4.2023573094,7,47.9180607938,No,
1055,The University of Western Australia,2025,WA,Go8,45281049,47625285,92906334,2333169785,3.9819791340,8,47.9180607938,Yes,-1.0634623509
3030,Deakin University,2025,VIC,ATN,26791377,32814481,59605858,2333169785,2.5547158369,9,47.9180607938,Yes,1.0711481117
3042,Queensland University of Technology,2025,QLD,non-aligned,22714866,33086088,55800954,2333169785,2.3916370921,10,47.9180607938,Yes,-0.3531435434
2236,Curtin University,2025,WA,ATN,24717773,31000387,55718160,2333169785,2.3880885291,11,47.9180607938,Yes,0.0457420034
3014,University of Newcastle,2025,NSW,ATN,25342886,29122866,54465752,2333169785,2.3344101381,12,47.9180607938,Yes,-0.1668873791
3025,Macquarie University,2025,NSW,non-aligned,20628511,33475332,54103843,2333169785,2.3188986651,13,47.9180607938,Yes,0.2655557649
3045,University of Tasmania,2025,TAS,non-aligned,24950928,28627334,53578262,2333169785,2.2963721862,14,47.9180607938,Yes,-0.1747230320
3034,Royal Melbourne Institute of Technology,2025,VIC,ATN,18558554,32798728,51357282,2333169785,2.2011806569,15,47.9180607938,Yes,0.3337972745
3032,Griffith University,2025,QLD,IRU,19490224,29973475,49463699,2333169785,2.1200214111,16,47.9180607938,Yes,0.1208753205
3016,University of Technology Sydney,2025,NSW,ATN,18500818,29772808,48273626,2333169785,2.0690147074,17,47.9180607938,Yes,0.6248804512
3029,Flinders University,2025,SA,IRU,22529125,21291217,43820342,2333169785,1.8781463004,18,47.9180607938,Yes,0.4438323352
1058,University of Wollongong,2025,NSW,non-aligned,16803605,25039111,41842716,2333169785,1.7933849593,19,47.9180607938,Yes,-0.3269777291
3020,La Trobe University,2025,VIC,IRU,16667877,22110470,38778347,2333169785,1.6620456535,20,47.9180607938,Yes,-0.0253887687
3027,University of South Australia,2025,SA,ATN,15888495,17109544,32998039,2333169785,1.4143008028,21,47.9180607938,No,
2177,Swinburne University of Technology,2025,VIC,non-aligned,8840481,19246854,28087335,2333169785,1.2038273074,22,47.9180607938,Yes,0.1301543648
3004,Western Sydney University,2025,NSW,IRU,9158067,16317306,25475373,2333169785,1.0918782321,23,47.9180607938,Yes,0.2159931181
1019,James Cook University,2025,QLD,IRU,10201709,13332946,23534655,2333169785,1.0086987733,24,47.9180607938,Yes,-0.4688741043
3001,Charles Darwin University,2025,NT,non-aligned,12855701,10392998,23248699,2333169785,0.9964426571,25,47.9180607938,Yes,0.0829956292
1034,Murdoch University,2025,WA,IRU,8192152,12683975,20876127,2333169785,0.8947538724,26,47.9180607938,Yes,-0.0960906728
3039,University of New England,2025,NSW,RUN,9059916,10316412,19376328,2333169785,0.8304722667,27,47.9180607938,Yes,-0.0571367462
2201,University of Southern Queensland,2025,QLD,RUN,6502921,10347440,16850361,2333169785,0.7222089497,28,47.9180607938,Yes,0.2588511686
3043,University of the Sunshine Coast,2025,QLD,RUN,6328710,7120267,13448977,2333169785,0.5764251314,29,47.9180607938,Yes,0.3843701921
2235,Edith Cowan University,2025,WA,non-aligned,4332395,8413791,12746186,2333169785,0.5463034059,30,47.9180607938,Yes,-0.0311712704
3038,Southern Cross University,2025,NSW,RUN,4986088,5075362,10061450,2333169785,0.4312352262,31,47.9180607938,Yes,0.0400159522
3005,Charles Sturt University,2025,NSW,RUN,4286701,5538247,9824948,2333169785,0.4210987157,32,47.9180607938,Yes,-0.0733405608
3007,Victoria University,2025,VIC,non-aligned,4280600,5393811,9674411,2333169785,0.4146466778,33,47.9180607938,Yes,-0.2707665595
2241,University of Canberra,2025,ACT,IRU,4177614,5405457,9583071,2333169785,0.4107318319,34,47.9180607938,Yes,-0.0523926338
2200,Central Queensland University,2025,QLD,RUN,4550473,4773010,9323483,2333169785,0.3996058521,35,47.9180607938,Yes,0.1029881003
3006,Australian Catholic University,2025,OTHER,non-aligned,2217956,3054420,5272376,2333169785,0.2259748105,36,47.9180607938,Yes,-0.1189370984
2154,Federation University Australia,2025,VIC,RUN,1312796,2795801,4108597,2333169785,0.1760950715,37,47.9180607938,Yes,-0.0108473837
3003,Bond University,2025,QLD,non-aligned,879125,1839820,2718945,2333169785,0.1165343824,38,47.9180607938,Yes,-0.0568959899
3044,The University of Notre Dame Australia,2025,WA,non-aligned,975242,1727823,2703065,2333169785,0.1158537633,39,47.9180607938,Yes,0.0413266548
4331,University of Divinity,2025,VIC,non-aligned,461026,588054,1049080,2333169785,0.0449637230,40,47.9180607938,Yes,-0.0381917549
2246,Batchelor Institute of Indigenous Tertiary Education,2025,NT,non-aligned,524025,323773,847798,2333169785,0.0363367469,41,47.9180607938,Yes,0.0303639013
4449,Torrens University Australia,2025,SA,non-aligned,297270,381745,679015,2333169785,0.0291026827,42,47.9180607938,Yes,0.0259868760
2252,Avondale University,2025,NSW,non-aligned,77651,164108,241759,2333169785,0.0103618263,43,47.9180607938,No,
3035,Monash University,2026,VIC,Go8,122318192,129570919,251889111,2370313511,10.6268267818,1,47.9365941141,Yes,1.8698326241
3036,The University of Melbourne,2026,VIC,Go8,123798137,122033532,245831669,2370313511,10.3712723173,2,47.9365941141,Yes,0.2562482592
3013,University of New South Wales,2026,NSW,Go8,110517912,110867696,221385608,2370313511,9.3399293795,3,47.9365941141,Yes,0.3987451756
3040,The University of Sydney,2026,NSW,Go8,103070321,109518380,212588701,2370313511,8.9688009630,4,47.9365941141,Yes,-0.7955497030
3019,The University of Queensland,2026,QLD,Go8,98793200,105759278,204552478,2370313511,8.6297646725,5,47.9365941141,Yes,-1.1335075201
3033,The Australian National University,2026,ACT,Go8,72597461,64192557,136790018,2370313511,5.7709673157,6,47.9365941141,Yes,-0.3399290856
6102,Adelaide University,2026,SA,Go8,64130915,66199119,130330034,2370313511,5.4984302032,7,47.9365941141,No,
1055,The University of Western Australia,2026,WA,Go8,45734581,48060696,93795277,2370313511,3.9570831692,8,47.9365941141,Yes,-1.0634623509
3030,Deakin University,2026,VIC,ATN,28555035,34831005,63386040,2370313511,2.6741627091,9,47.9365941141,Yes,1.0711481117
3025,Macquarie University,2026,NSW,non-aligned,23012638,35393486,58406124,2370313511,2.4640674632,10,47.9365941141,Yes,0.2655557649
3042,Queensland University of Technology,2026,QLD,non-aligned,23328291,34422945,57751236,2370313511,2.4364387129,11,47.9365941141,Yes,-0.3531435434
2236,Curtin University,2026,WA,ATN,25109253,31256282,56365535,2370313511,2.3779780497,12,47.9365941141,Yes,0.0457420034
3045,University of Tasmania,2026,TAS,non-aligned,25338770,28782936,54121706,2370313511,2.2833142430,13,47.9365941141,Yes,-0.1747230320
3014,University of Newcastle,2026,NSW,ATN,25084794,26668642,51753436,2370313511,2.1834004557,14,47.9365941141,Yes,-0.1668873791
3032,Griffith University,2026,QLD,IRU,21217050,30310506,51527556,2370313511,2.1738709146,15,47.9365941141,Yes,0.1208753205
3034,Royal Melbourne Institute of Technology,2026,VIC,ATN,17313223,34068909,51382132,2370313511,2.1677356924,16,47.9365941141,Yes,0.3337972745
3016,University of Technology Sydney,2026,NSW,ATN,19544441,30802094,50346535,2370313511,2.1240453960,17,47.9365941141,Yes,0.6248804512
3029,Flinders University,2026,SA,IRU,23315905,22314022,45629927,2370313511,1.9250587227,18,47.9365941141,Yes,0.4438323352
3020,La Trobe University,2026,VIC,IRU,17674337,21519325,39193662,2370313511,1.6535222796,19,47.9365941141,Yes,-0.0253887687
1058,University of Wollongong,2026,NSW,non-aligned,14846399,23532462,38378861,2370313511,1.6191470378,20,47.9365941141,Yes,-0.3269777291
3004,Western Sydney University,2026,NSW,IRU,10092312,17915905,28008217,2370313511,1.1816249990,21,47.9365941141,Yes,0.2159931181
2177,Swinburne University of Technology,2026,VIC,non-aligned,7543350,18664138,26207488,2370313511,1.1056549219,22,47.9365941141,Yes,0.1301543648
1019,James Cook University,2026,QLD,IRU,10307102,12488371,22795473,2370313511,0.9617070862,23,47.9365941141,Yes,-0.4688741043
3001,Charles Darwin University,2026,NT,non-aligned,12248138,10023497,22271635,2370313511,0.9396071404,24,47.9365941141,Yes,0.0829956292
1034,Murdoch University,2026,WA,IRU,8196137,12451476,20647613,2370313511,0.8710920688,25,47.9365941141,Yes,-0.0960906728
3039,University of New England,2026,NSW,RUN,9145459,9982139,19127598,2370313511,0.8069648977,26,47.9365941141,Yes,-0.0571367462
2201,University of Southern Queensland,2026,QLD,RUN,6402347,10154710,16557057,2370313511,0.6985175979,27,47.9365941141,Yes,0.2588511686
3043,University of the Sunshine Coast,2026,QLD,RUN,7722557,7850812,15573369,2370313511,0.6570172649,28,47.9365941141,Yes,0.3843701921
2235,Edith Cowan University,2026,WA,non-aligned,4864846,8984594,13849440,2370313511,0.5842872656,29,47.9365941141,Yes,-0.0311712704
3005,Charles Sturt University,2026,NSW,RUN,4784894,5877054,10661948,2370313511,0.4498117211,30,47.9365941141,Yes,-0.0733405608
3038,Southern Cross University,2026,NSW,RUN,5209575,5377591,10587166,2370313511,0.4466567798,31,47.9365941141,Yes,0.0400159522
2241,University of Canberra,2026,ACT,IRU,4582969,5824045,10407014,2370313511,0.4390564350,32,47.9365941141,Yes,-0.0523926338
2200,Central Queensland University,2026,QLD,RUN,4733157,4985143,9718300,2370313511,0.4100006162,33,47.9365941141,Yes,0.1029881003
3007,Victoria University,2026,VIC,non-aligned,3054189,5200433,8254622,2370313511,0.3482502193,34,47.9365941141,Yes,-0.2707665595
3006,Australian Catholic University,2026,OTHER,non-aligned,2614352,3446654,6061006,2370313511,0.2557048244,35,47.9365941141,Yes,-0.1189370984
2154,Federation University Australia,2026,VIC,RUN,1555871,3030881,4586752,2370313511,0.1935082418,36,47.9365941141,Yes,-0.0108473837
3003,Bond University,2026,QLD,non-aligned,1139827,2298883,3438710,2370313511,0.1450740581,37,47.9365941141,Yes,-0.0568959899
3044,The University of Notre Dame Australia,2026,WA,non-aligned,1078458,1863846,2942304,2370313511,0.1241314276,38,47.9365941141,Yes,0.0413266548
2246,Batchelor Institute of Indigenous Tertiary Education,2026,NT,non-aligned,689789,443100,1132889,2370313511,0.0477949012,39,47.9365941141,Yes,0.0303639013
4331,University of Divinity,2026,VIC,non-aligned,422393,570943,993336,2370313511,0.0419073678,40,47.9365941141,Yes,-0.0381917549
4449,Torrens University Australia,2026,SA,non-aligned,279001,400203,679204,2370313511,0.0286546061,41,47.9365941141,Yes,0.0259868760
2252,Avondale University,2026,NSW,non-aligned,150478,256246,406724,2370313511,0.0171590804,42,47.9365941141,No,
